{"cameraMode":{"drawMode":0,"name":"Shaded","section":"Shading Mode"},"sceneLighting":false,"audioPlay":false,"sceneViewState":{"m_AlwaysRefresh":false,"showFog":true,"showSkybox":false,"showFlares":true,"showImageEffects":true,"showParticleSystems":true,"showVisualEffectGraphs":true,"m_FxEnabled":true},"in2DMode":false,"pivot":{"x":-0.6762313842773438,"y":0.5836527347564697,"z":-0.8318314552307129},"rotation":{"x":-0.051524657756090167,"y":0.8942297697067261,"z":-0.10674569755792618,"w":-0.4316301643848419},"size":2.666025161743164,"orthographic":false}